,date,death,deathIncrease,inIcuCumulative,inIcuCurrently,hospitalizedIncrease,hospitalizedCurrently,hospitalizedCumulative,negative,negativeIncrease,onVentilatorCumulative,onVentilatorCurrently,positive,positiveIncrease,states,totalTestResults,totalTestResultsIncrease,death_rate,comment_created_time,scare_index
0,2021-03-07,515148.0,839,45475.0,8137.0,726,40212.0,878613.0,74582825.0,131835,4281.0,2801.0,28756184.0,41530,56,363824818,1169754,0.017914338008130703,2021-03-07,0.10566782968923484
1,2021-03-06,514309.0,1680,45453.0,8409.0,503,41401.0,877887.0,74450990.0,143835,4280.0,2811.0,28714654.0,60015,56,362655064,1430992,0.01791102898192679,2021-03-06,0.17717085917368414
2,2021-03-05,512629.0,2221,45373.0,8634.0,2781,42541.0,877384.0,74307155.0,271917,4275.0,2889.0,28654639.0,68787,56,361224072,1744417,0.01788991304339936,2021-03-05,0.17164782976575646
3,2021-03-04,510408.0,1743,45293.0,8970.0,1530,44172.0,874603.0,74035238.0,177957,4267.0,2973.0,28585852.0,65487,56,359479655,1590984,0.01785526630446418,2021-03-04,0.16195446806941136
4,2021-03-03,508665.0,2449,45214.0,9359.0,2172,45462.0,873073.0,73857281.0,267001,4260.0,3094.0,28520365.0,66836,56,357888671,1406795,0.0178351504267214,2021-03-03,0.1248666103122347
5,2021-03-02,506216.0,1728,45084.0,9465.0,1871,46388.0,870901.0,73590280.0,255779,4257.0,3169.0,28453529.0,54248,56,356481876,1343519,0.017790974188122675,2021-03-02,0.15640810848336195
6,2021-03-01,504488.0,1241,44956.0,9595.0,1024,46738.0,869030.0,73334501.0,118077,4252.0,3171.0,28399281.0,48092,56,355138357,1154440,0.017764111704095607,2021-03-01,0.13650381823170754
7,2021-02-28,503247.0,1051,44907.0,9802.0,879,47352.0,868006.0,73216424.0,203599,4252.0,3245.0,28351189.0,54349,56,353983917,1408422,0.01775047247577518,2021-02-28,0.1446911417325317
8,2021-02-27,502196.0,1847,44875.0,10114.0,1428,48871.0,867127.0,73012825.0,205090,4252.0,3335.0,28296840.0,71245,56,352575495,1655179,0.017747423387205072,2021-02-27,0.13890288244085908
9,2021-02-26,500349.0,2141,44791.0,10466.0,1933,51112.0,865699.0,72807735.0,276829,4247.0,3466.0,28225595.0,74857,56,350920316,1803309,0.017726783084643566,2021-02-26,0.13515758320992416
10,2021-02-25,498208.0,3138,44636.0,10846.0,1982,52669.0,863766.0,72530906.0,272209,4233.0,3567.0,28150738.0,75565,56,349117007,1826144,0.017697866393413912,2021-02-25,0.15280823362135168
11,2021-02-24,495070.0,2447,44534.0,11026.0,2172,54118.0,861784.0,72258697.0,245318,4227.0,3685.0,28075173.0,73258,56,347290863,1450666,0.017633729273903317,2021-02-24,0.17170919930755432
12,2021-02-23,492623.0,2241,44420.0,11272.0,2164,55058.0,859612.0,72013379.0,225267,4214.0,3755.0,28001915.0,69105,56,345840197,1193835,0.01759247537177368,2021-02-23,0.1606913982751965
13,2021-02-22,490382.0,1235,44266.0,11536.0,1305,55403.0,857448.0,71788112.0,123611,4200.0,3804.0,27932810.0,52530,56,344646362,1201247,0.017555770436271895,2021-02-22,0.12704850297342182
14,2021-02-21,489147.0,1287,44216.0,11862.0,997,56159.0,856143.0,71664501.0,156778,4197.0,3915.0,27880280.0,58702,56,343445115,1232995,0.017544551202498683,2021-02-21,0.14924802168910845
15,2021-02-20,487860.0,2160,44166.0,12120.0,1732,58222.0,855146.0,71507723.0,141790,4197.0,3932.0,27821578.0,72354,56,342212120,1290481,0.017535310182621562,2021-02-20,0.11549140834438636
16,2021-02-19,485700.0,2477,44085.0,12491.0,2674,59882.0,853414.0,71365933.0,224755,4187.0,4118.0,27749224.0,74676,56,340921639,1878033,0.017503192161337555,2021-02-19,0.14524150842062222
17,2021-02-18,483223.0,2616,43964.0,13045.0,2497,62300.0,850740.0,71141178.0,218491,4178.0,4180.0,27674548.0,66824,56,339043606,1345849,0.017460917518869686,2021-02-18,0.1384779984788066
18,2021-02-17,480607.0,2348,43823.0,13103.0,2857,63405.0,848243.0,70922687.0,233666,4154.0,4271.0,27607724.0,66839,56,337697757,1298421,0.017408425265335165,2021-02-17,0.13504722136982558
19,2021-02-16,478259.0,1353,43673.0,13616.0,2094,64533.0,845386.0,70689021.0,101102,4149.0,4406.0,27540885.0,56312,56,336399336,1053698,0.017365418722020007,2021-02-16,0.14957745838519207
20,2021-02-15,476906.0,1078,43553.0,13799.0,1130,65455.0,843292.0,70587919.0,143388,4143.0,4454.0,27484573.0,55077,56,335345638,1123560,0.017351770391339172,2021-02-15,0.1485250055808685
21,2021-02-14,475828.0,1366,43516.0,14047.0,1236,67023.0,842162.0,70444531.0,171877,4141.0,4538.0,27429496.0,72164,56,334222078,1439631,0.017347311084388865,2021-02-14,0.14960278737381538
22,2021-02-13,474462.0,3467,43463.0,14396.0,1805,69283.0,840926.0,70272654.0,234293,4140.0,4648.0,27357332.0,90642,56,332782447,1757608,0.017343138577987065,2021-02-13,0.14032036868570938
23,2021-02-12,470995.0,5427,43389.0,14775.0,2347,71497.0,839121.0,70038361.0,255983,4126.0,4849.0,27266690.0,101030,56,331024839,1812454,0.017273640474879788,2021-02-12,0.1497166641628365
24,2021-02-11,465568.0,3873,43291.0,15190.0,2460,74225.0,836774.0,69782378.0,260124,4113.0,4970.0,27165660.0,102417,56,329212385,1855929,0.017138107448889515,2021-02-11,0.17267683421708585
25,2021-02-10,461695.0,3445,43184.0,15788.0,3226,76979.0,834314.0,69522254.0,155861,4106.0,5121.0,27063243.0,95194,56,327356456,1382709,0.017059854947908498,2021-02-10,0.15136026656447538
26,2021-02-09,458250.0,2795,43000.0,16129.0,3144,79179.0,831088.0,69366393.0,337168,4092.0,5216.0,26968049.0,92986,56,325973747,1488481,0.016992330442591526,2021-02-09,0.1534671450062302
27,2021-02-08,455455.0,1309,42833.0,16174.0,1638,80055.0,827944.0,69029225.0,142156,4080.0,5260.0,26875063.0,77737,56,324485266,1400009,0.01694712306348826,2021-02-08,0.15689814310469613
28,2021-02-07,454146.0,1475,42779.0,16616.0,1543,81439.0,826306.0,68887069.0,208303,4079.0,5342.0,26797326.0,95994,56,323085257,1498808,0.01694743721817617,2021-02-07,0.1588646872371252
29,2021-02-06,452671.0,2994,42730.0,17093.0,2443,84233.0,824763.0,68678766.0,282477,4078.0,5475.0,26701332.0,114557,56,321586449,1888854,0.016953124286084306,2021-02-06,0.14162089370807288
30,2021-02-05,449677.0,3543,42626.0,17284.0,2940,86373.0,822320.0,68396289.0,270754,4060.0,5596.0,26586775.0,131146,56,319697595,1868496,0.016913559467065863,2021-02-05,0.1348640547194644
31,2021-02-04,446134.0,5212,42472.0,17918.0,3402,88668.0,819380.0,68125535.0,217496,4059.0,5732.0,26455629.0,123907,56,317829099,1663995,0.016863481113981452,2021-02-04,0.1417218529124175
32,2021-02-03,440922.0,3685,42323.0,18147.0,3975,91440.0,815978.0,67908039.0,224499,4044.0,5920.0,26331722.0,116960,56,316165104,1384881,0.01674489803591273,2021-02-03,0.1640079658731806
33,2021-02-02,437237.0,3486,42148.0,18388.0,3285,92880.0,812003.0,67683540.0,167082,4035.0,6047.0,26214762.0,117616,56,314780223,1385595,0.01667903755906691,2021-02-02,0.14219525353404794
34,2021-02-01,433751.0,1562,41998.0,18572.0,1766,93536.0,808718.0,67516458.0,344975,4025.0,6086.0,26097146.0,120200,56,313394628,1507545,0.01662062970410634,2021-02-01,0.13189488680294395
35,2021-01-31,432189.0,2059,41934.0,18968.0,2171,95013.0,806952.0,67171483.0,224593,4019.0,6291.0,25976946.0,119367,56,311887083,1725724,0.016637406106168137,2021-01-31,0.13541132469788444
36,2021-01-30,430130.0,2982,41872.0,19130.0,3147,97561.0,804781.0,66946890.0,232299,4016.0,6329.0,25857579.0,148824,56,310161359,2139579,0.01663458129626134,2021-01-30,0.13903113037180556
37,2021-01-29,427148.0,3503,41758.0,19609.0,2835,101003.0,801634.0,66714591.0,284168,4011.0,6483.0,25708755.0,167111,56,308021780,1955101,0.016614884695894453,2021-01-29,0.1665409992301745
38,2021-01-28,423645.0,4011,41588.0,20113.0,3500,104303.0,798799.0,66430423.0,269667,4000.0,6642.0,25541644.0,157306,56,306066679,1936761,0.01658644212565174,2021-01-28,0.14433536218195925
39,2021-01-27,419634.0,4077,41402.0,20497.0,4134,107444.0,795299.0,66160756.0,244553,3985.0,6806.0,25384338.0,153985,56,304129918,1626393,0.016531217004753088,2021-01-27,0.1514789422965824
40,2021-01-26,415557.0,3734,41205.0,20573.0,3705,108960.0,791165.0,65916203.0,377450,3976.0,6832.0,25230353.0,146448,56,302503525,1733799,0.01647051866456248,2021-01-26,0.13888768089950154
41,2021-01-25,411823.0,1593,41028.0,20875.0,2515,109936.0,787460.0,65538753.0,217006,3949.0,6857.0,25083905.0,133454,56,300769726,1630391,0.016417818517491595,2021-01-25,0.13163941239375035
42,2021-01-24,410230.0,1944,40931.0,21168.0,1909,110628.0,784945.0,65321747.0,223447,3943.0,6989.0,24950451.0,144234,56,299139335,1792892,0.016441786964091352,2021-01-24,0.15398898094855887
43,2021-01-23,408286.0,3591,40853.0,21657.0,6652,113609.0,783036.0,65098300.0,274547,3941.0,7110.0,24806217.0,177118,56,297346443,1990072,0.016459019124117152,2021-01-23,0.1589987802781276
44,2021-01-22,404695.0,3980,40687.0,22008.0,4325,116264.0,776384.0,64823753.0,284392,3919.0,7236.0,24629099.0,190915,56,295356371,2022028,0.016431579571790263,2021-01-22,0.1522421531674394
45,2021-01-21,400715.0,3878,40481.0,22309.0,4053,119949.0,772059.0,64539361.0,256168,3910.0,7370.0,24438184.0,186275,56,293334343,1922155,0.01639708580637579,2021-01-21,0.1260781782653179
46,2021-01-20,396837.0,4409,40340.0,22809.0,5105,122700.0,768006.0,64283193.0,312902,3897.0,7564.0,24251909.0,189203,56,291412188,1821802,0.016363124239003206,2021-01-20,0.1143550419345651
47,2021-01-19,392428.0,2141,40103.0,23029.0,3206,123820.0,762901.0,63970291.0,370922,3883.0,7688.0,24062706.0,146626,56,289590386,1637938,0.01630855648570863,2021-01-19,0.13789630296188446
48,2021-01-18,390287.0,1395,39973.0,23226.0,2839,123848.0,759695.0,63599369.0,192825,3865.0,7772.0,23916080.0,150792,56,287952448,1771268,0.016319020508377628,2021-01-18,0.14980845672672535
49,2021-01-17,388892.0,2053,39864.0,23432.0,2167,124387.0,756856.0,63406544.0,277842,3860.0,7797.0,23765288.0,187218,56,286181180,1916756,0.016363866493012833,2021-01-17,0.15918318991922956
50,2021-01-16,386839.0,3709,39797.0,23524.0,4039,126139.0,754689.0,63128702.0,226342,3858.0,7755.0,23578070.0,218085,56,284264424,2116224,0.016406728795020118,2021-01-16,0.15408009892635227
51,2021-01-15,383130.0,3679,39626.0,23593.0,4000,127235.0,750650.0,62902360.0,410997,3845.0,7772.0,23359985.0,246454,56,282148200,2309884,0.016401123545242,2021-01-15,0.14252561256662108
52,2021-01-14,379451.0,3915,39418.0,23891.0,3792,128947.0,746650.0,62491363.0,305894,3829.0,7878.0,23113531.0,225616,56,279838316,2048899,0.016416833931604823,2021-01-14,0.14929680015177468
53,2021-01-13,375536.0,4087,39248.0,23857.0,5312,130391.0,742858.0,62185469.0,237885,3811.0,7902.0,22887915.0,224491,56,277789417,1827396,0.016407610741301686,2021-01-13,0.1523597053496535
54,2021-01-12,371449.0,4064,39049.0,23881.0,4657,131326.0,737546.0,61947584.0,428795,3796.0,7879.0,22663424.0,218020,56,275962021,1944234,0.016389800587942933,2021-01-12,0.12159053712578295
55,2021-01-11,367385.0,1733,38823.0,23501.0,3045,129793.0,732889.0,61518789.0,225808,3773.0,7786.0,22445404.0,195255,56,274017787,1695767,0.016367938843961108,2021-01-11,0.1500765015605406
56,2021-01-10,365652.0,2068,38706.0,23640.0,2413,129223.0,729844.0,61292981.0,270382,3771.0,7878.0,22250149.0,228732,56,272322020,2051661,0.016433687702495835,2021-01-10,0.14106541817145726
57,2021-01-09,363584.0,3537,38607.0,23718.0,6683,130781.0,727431.0,61022599.0,290183,3767.0,7791.0,22021417.0,269368,56,270270359,2137700,0.0165104725095574,2021-01-09,0.15987363174273467
58,2021-01-08,360047.0,3780,38432.0,23912.0,4705,131921.0,720748.0,60732416.0,320284,3756.0,7908.0,21752049.0,295121,56,268132659,2146223,0.016552325714235015,2021-01-08,0.17628439284634356
59,2021-01-07,356267.0,4079,38236.0,23821.0,5312,132370.0,716043.0,60412132.0,246578,3748.0,7900.0,21456928.0,272043,56,265986436,1928262,0.01660382138580136,2021-01-07,0.15847741923986794
60,2021-01-06,352188.0,3902,38064.0,23708.0,6607,132474.0,710731.0,60165554.0,263088,3739.0,7946.0,21184885.0,250184,56,264058174,1650493,0.016624494303367706,2021-01-06,0.17813893952838114
61,2021-01-05,348286.0,3484,37841.0,23509.0,4290,131195.0,704124.0,59902466.0,480256,3718.0,7976.0,20934701.0,219075,56,262407681,1721007,0.016636779288130267,2021-01-05,0.15852685864313487
62,2021-01-04,344802.0,1547,37586.0,23435.0,3892,128210.0,699834.0,59422210.0,148614,3692.0,7930.0,20715626.0,179571,56,260686674,1512611,0.016644536834175324,2021-01-04,0.15638795130920227
63,2021-01-03,343255.0,1455,37433.0,23243.0,2226,125562.0,695942.0,59273596.0,215583,3688.0,7939.0,20536055.0,208457,56,259174063,1444257,0.01671474876747262,2021-01-03,0.14630059673552093
64,2021-01-02,341800.0,2406,37309.0,23133.0,3051,123614.0,693716.0,59058013.0,221792,3684.0,7910.0,20327598.0,280318,56,257729806,1934350,0.0168145788794131,2021-01-02,0.12180363442197024
65,2021-01-01,339394.0,2592,37196.0,23255.0,4550,125047.0,690665.0,58836221.0,192048,3681.0,7990.0,20047280.0,182906,56,255795456,1545537,0.01692967824063913,2021-01-01,0.15012927635608633
66,2020-12-31,336802.0,3297,37066.0,23097.0,4348,125423.0,686115.0,58644173.0,262855,3672.0,8004.0,19864374.0,226246,56,254249919,1797220,0.016955077466825785,2020-12-31,0.1480619920338395
67,2020-12-30,333505.0,3900,36855.0,23069.0,5514,125220.0,681767.0,58381318.0,215107,3653.0,7930.0,19638128.0,229496,56,252452699,1583713,0.016982525014604243,2020-12-30,0.14940024023492654
68,2020-12-29,329605.0,3289,36583.0,22838.0,5261,124686.0,676253.0,58166211.0,201698,3635.0,7885.0,19408632.0,199679,56,250868986,1343514,0.016982392164476095,2020-12-29,0.1549536031212312
69,2020-12-28,326316.0,1490,36308.0,22579.0,3723,121202.0,670992.0,57964513.0,309721,3612.0,7948.0,19208953.0,164127,56,249525472,1332122,0.016987703598421007,2020-12-28,0.14504736305678462
70,2020-12-27,324826.0,1397,36164.0,22447.0,2302,118720.0,667269.0,57654792.0,204288,3604.0,7878.0,19044826.0,153540,56,248193350,1395240,0.017055865986908992,2020-12-27,0.1646667593761183
71,2020-12-26,323429.0,1426,36038.0,22373.0,2292,117344.0,664967.0,57450504.0,214555,3593.0,7809.0,18891286.0,190594,56,246798110,1974298,0.017120539067589154,2020-12-26,0.15122465509209213
72,2020-12-25,322003.0,1553,35945.0,22418.0,2047,118948.0,662675.0,57235949.0,170690,3592.0,7831.0,18700692.0,126796,56,244823812,1568040,0.01721877457796749,2020-12-25,0.13799332944621573
73,2020-12-24,320450.0,2958,35899.0,22623.0,4289,120200.0,660628.0,57065259.0,322117,3587.0,7792.0,18573896.0,206684,56,243255772,2031894,0.017252707778701894,2020-12-24,0.13669891021126693
74,2020-12-23,317492.0,3393,35695.0,22489.0,4795,119463.0,656339.0,56743142.0,304962,3579.0,7819.0,18367212.0,224526,56,241223878,1791481,0.017285802548584944,2020-12-23,0.15560282433322753
75,2020-12-22,314099.0,3137,35428.0,22213.0,4567,117777.0,651544.0,56438180.0,268046,3554.0,7830.0,18142686.0,193008,56,239432397,1770133,0.017312706619075035,2020-12-22,0.14740699067925575
76,2020-12-21,310962.0,1480,35178.0,21884.0,3111,115358.0,646977.0,56170134.0,439796,3539.0,7783.0,17949678.0,179406,56,237662264,1974590,0.017324099072975014,2020-12-21,0.14518981101470008
77,2020-12-20,309482.0,1668,35030.0,21763.0,2382,113601.0,643866.0,55730338.0,249266,3530.0,7695.0,17770272.0,197494,56,235687674,1821629,0.017415715415048234,2020-12-20,0.1390594587286413
78,2020-12-19,307814.0,2708,34949.0,21692.0,3429,113914.0,641484.0,55481072.0,200763,3529.0,7786.0,17572778.0,204873,56,233866045,1859539,0.01751652470656603,2020-12-19,0.1422904941746615
79,2020-12-18,305106.0,2866,34716.0,21745.0,5214,113955.0,638055.0,55280309.0,450795,3519.0,7786.0,17367905.0,241786,56,232006506,2193466,0.017567231050607427,2020-12-18,0.14312198596152706
80,2020-12-17,302240.0,3465,34485.0,21912.0,5167,114492.0,632841.0,54829514.0,246432,3504.0,7848.0,17126119.0,242970,56,229813040,1912697,0.017647897927136908,2020-12-17,0.14706666065083446
81,2020-12-16,298775.0,3453,34237.0,21943.0,4776,113257.0,627674.0,54583082.0,303846,3488.0,7782.0,16883149.0,234288,56,227900343,1839996,0.017696639412469795,2020-12-16,0.1406080436517678
82,2020-12-15,295322.0,2924,33958.0,21897.0,4430,112816.0,622898.0,54279236.0,316712,3460.0,7702.0,16648861.0,193218,56,226060347,1833138,0.017738270503910147,2020-12-15,0.14289924920156608
83,2020-12-14,292398.0,1357,33693.0,21458.0,3461,110573.0,618468.0,53962524.0,456078,3442.0,7699.0,16455643.0,193286,56,224227209,2010951,0.017768858986549476,2020-12-14,0.1450450032671077
84,2020-12-13,291041.0,1501,33494.0,21230.0,2314,109298.0,615007.0,53506446.0,299810,3432.0,7535.0,16262357.0,187251,56,222216258,1827310,0.017896606254554612,2020-12-13,0.1661254253351453
85,2020-12-12,289540.0,2497,33419.0,21198.0,3789,108461.0,612693.0,53206636.0,226203,3430.0,7515.0,16075106.0,226904,56,220388948,1919896,0.01801170082486548,2020-12-12,0.14594144130632172
86,2020-12-11,287043.0,2747,33237.0,21012.0,5411,108101.0,608904.0,52980433.0,350441,3424.0,7488.0,15848202.0,236933,56,218469052,1969509,0.018112023054728858,2020-12-11,0.1299233736236489
87,2020-12-10,284296.0,3132,32919.0,21024.0,4450,107300.0,603493.0,52629992.0,311589,3394.0,7444.0,15611269.0,220846,56,216499543,1967578,0.018210947489278418,2020-12-10,0.15803750636236955
88,2020-12-09,281164.0,3169,32720.0,20903.0,5300,106671.0,599043.0,52318403.0,378319,3376.0,7621.0,15390423.0,216728,56,214531965,1832545,0.018268763633072335,2020-12-09,0.13973225637620493
89,2020-12-08,277995.0,2680,32406.0,20475.0,4410,104637.0,593743.0,51940084.0,292335,3359.0,7251.0,15173695.0,217844,56,212699420,1690914,0.01832085065634969,2020-12-08,0.15951394896876625
90,2020-12-07,275315.0,1291,32120.0,20097.0,3461,102122.0,589333.0,51647749.0,269111,3328.0,7067.0,14955851.0,181897,56,211008506,1653269,0.018408514500445346,2020-12-07,0.15304895051972608
91,2020-12-06,274024.0,1163,31946.0,20145.0,2311,101501.0,585872.0,51378638.0,299691,3322.0,7095.0,14773954.0,182580,56,209355237,1675779,0.01854777671569845,2020-12-06,0.13083824435338778
92,2020-12-05,272861.0,2486,31831.0,19947.0,3513,101192.0,583561.0,51078947.0,356778,3321.0,7006.0,14591374.0,219070,56,207679458,2302086,0.018700158052284862,2020-12-05,0.1476221321950965
93,2020-12-04,270375.0,2563,31608.0,19853.0,4654,101309.0,580048.0,50722169.0,310395,3305.0,6992.0,14372304.0,230313,56,205377372,1918739,0.01881222384385969,2020-12-04,0.16874984095718842
94,2020-12-03,267812.0,2822,31276.0,19714.0,5369,100746.0,575394.0,50411774.0,306223,3280.0,6871.0,14141991.0,216271,56,203458633,1904020,0.018937361790146805,2020-12-03,0.1367751617313149
95,2020-12-02,264990.0,2811,31038.0,19687.0,5238,100327.0,570025.0,50105551.0,-658774,3252.0,6855.0,13925720.0,203429,56,201554613,1587969,0.019028818617637007,2020-12-02,0.1451774367127406
96,2020-12-01,262179.0,2489,30749.0,19292.0,4916,98736.0,564787.0,50764325.0,263699,3223.0,6643.0,13722291.0,181183,56,199966644,1494046,0.01910606618093145,2020-12-01,0.15453772177234512
97,2020-11-30,259690.0,1037,30469.0,18807.0,3394,96134.0,559871.0,50500626.0,344231,3205.0,6520.0,13541108.0,150031,56,198472598,1520240,0.019177898883902263,2020-11-30,0.14290101748981715
98,2020-11-29,258653.0,825,30274.0,18437.0,2429,93357.0,556477.0,50156395.0,226788,3184.0,6245.0,13391077.0,137254,56,196952358,1337135,0.019315324674781573,2020-11-29,0.1372197675729293
99,2020-11-28,257828.0,1243,30109.0,18249.0,3485,91762.0,554048.0,49929607.0,324413,3179.0,6148.0,13253823.0,151469,56,195615223,1675224,0.019453104210007933,2020-11-28,0.12705051716452004
100,2020-11-27,256585.0,1404,29858.0,18056.0,3418,89913.0,550563.0,49605194.0,384580,3171.0,6028.0,13102354.0,198874,56,193939999,1970528,0.019583122238950344,2020-11-27,0.12954581266632806
101,2020-11-26,255181.0,1392,29673.0,18019.0,2333,90564.0,547145.0,49220614.0,179941,3153.0,5986.0,12903480.0,129764,56,191969471,1467611,0.01977613791008317,2020-11-26,0.14670333870582528
102,2020-11-25,253789.0,2281,29540.0,17738.0,4538,90043.0,544812.0,49040673.0,394165,3147.0,5987.0,12773716.0,188496,56,190501860,1881059,0.01986806345154378,2020-11-25,0.14000629977403872
103,2020-11-24,251508.0,2091,29245.0,17317.0,4685,88132.0,540274.0,48646508.0,360586,3123.0,5626.0,12585220.0,166503,56,188620801,1873837,0.019984394392787732,2020-11-24,0.14377953832384738
104,2020-11-23,249417.0,853,28990.0,17060.0,2835,85945.0,535589.0,48285922.0,331207,3106.0,5455.0,12418717.0,154696,56,186746964,1671011,0.02008395875354918,2020-11-23,0.14494192025620498
105,2020-11-22,248564.0,923,28828.0,16411.0,2291,83882.0,532754.0,47954715.0,373855,3094.0,5233.0,12264021.0,154188,56,185075953,1818793,0.020267740898356257,2020-11-22,0.13927644647443654
106,2020-11-21,247641.0,1551,28693.0,16264.0,3375,83346.0,530463.0,47580860.0,376533,3087.0,5103.0,12109833.0,186385,56,183257160,2140465,0.02044958010568767,2020-11-21,0.13560463445035242
107,2020-11-20,246090.0,1910,28472.0,16146.0,3903,82318.0,527088.0,47204327.0,448167,3078.0,5058.0,11923448.0,197164,56,181116695,2004886,0.020639164107563515,2020-11-20,0.1425292794378418
108,2020-11-19,244180.0,2010,28216.0,15759.0,4456,80669.0,523185.0,46756160.0,324389,3052.0,4860.0,11726284.0,187932,56,179111809,1845354,0.02082330600214015,2020-11-19,0.14306510722486995
109,2020-11-18,242170.0,1885,27989.0,15557.0,4352,79478.0,518729.0,46431771.0,346915,3024.0,4699.0,11538352.0,168220,56,177266455,1701006,0.02098826591527109,2020-11-18,0.1287333972971901
110,2020-11-17,240285.0,1553,27681.0,15009.0,3887,77047.0,514377.0,46084856.0,300498,3004.0,4379.0,11370132.0,159826,56,175565449,1634272,0.02113300003904968,2020-11-17,0.15236830010052788
111,2020-11-16,238732.0,607,27437.0,14471.0,2907,73320.0,510490.0,45784358.0,249458,2988.0,4156.0,11210306.0,149977,56,173931177,1484630,0.02129576123970211,2020-11-16,0.1480989893062903
112,2020-11-15,238125.0,712,27269.0,13849.0,1868,70202.0,507583.0,45534900.0,400351,2975.0,3939.0,11060329.0,147062,56,172446547,1626437,0.021529648891999504,2020-11-15,0.16308225014347658
113,2020-11-14,237413.0,1353,27172.0,13491.0,3468,69588.0,505715.0,45134549.0,300446,2972.0,3945.0,10913267.0,167726,56,170820110,1785889,0.02175453051776338,2020-11-14,0.15564897348451234
114,2020-11-13,236060.0,1301,26997.0,13280.0,3673,68585.0,502247.0,44834103.0,331974,2967.0,3766.0,10745541.0,174633,56,169034221,1742559,0.021968181964965746,2020-11-13,0.17536908489640998
115,2020-11-12,234759.0,1112,26803.0,12917.0,3562,67236.0,498574.0,44502129.0,271550,2954.0,3622.0,10570908.0,157542,56,167291662,1607551,0.022208026027660064,2020-11-12,0.1459056850390199
116,2020-11-11,233647.0,1577,26584.0,12626.0,3281,65549.0,495012.0,44230579.0,283243,2947.0,3365.0,10413366.0,149333,56,165684111,1503560,0.02243722154776851,2020-11-11,0.1419073284110177
117,2020-11-10,232070.0,1358,26335.0,12057.0,4070,62119.0,491731.0,43947336.0,203377,2922.0,3202.0,10264033.0,135569,56,164180551,1386936,0.022610020836838697,2020-11-10,0.12755314114153232
118,2020-11-09,230712.0,577,26087.0,11636.0,2176,59342.0,487661.0,43743959.0,283666,2907.0,3111.0,10128464.0,118403,56,162793615,1314380,0.022778577284768946,2020-11-09,0.1319887589354551
119,2020-11-08,230135.0,513,25819.0,11223.0,1467,56942.0,485485.0,43460293.0,239635,2900.0,2977.0,10010061.0,112445,56,161479235,1266058,0.022990369389357366,2020-11-08,0.14123316882326872
120,2020-11-07,229622.0,1125,25721.0,11215.0,2341,56037.0,484018.0,43220658.0,357869,2898.0,2947.0,9897616.0,132113,56,160213177,1546164,0.023199728096139516,2020-11-07,0.14306082385394425
121,2020-11-06,228497.0,1185,25498.0,11213.0,3121,55005.0,481677.0,42862789.0,314445,2885.0,2850.0,9765503.0,129990,56,158667013,1772955,0.02339838511134552,2020-11-06,0.13709406530983198
122,2020-11-05,227312.0,1154,25276.0,11050.0,2553,53380.0,478556.0,42548344.0,302427,2872.0,2876.0,9635513.0,119023,56,156894058,1561062,0.023591063599831166,2020-11-05,0.1631051383024538
123,2020-11-04,226158.0,1131,25041.0,10892.0,3107,52166.0,476003.0,42245917.0,202598,2853.0,2832.0,9516490.0,105996,56,155332996,1318451,0.023764854478909764,2020-11-04,0.1366662429928603
124,2020-11-03,225027.0,1517,24796.0,10538.0,3135,50509.0,472896.0,42043319.0,255848,2833.0,2734.0,9410494.0,119949,56,154014545,1269152,0.023912347215778472,2020-11-03,0.15606813003182404
125,2020-11-02,223510.0,475,24560.0,9957.0,1399,48750.0,469761.0,41787471.0,283444,2809.0,2633.0,9290545.0,83454,56,152745393,1238898,0.024057792088623433,2020-11-02,0.1562517012197077
126,2020-11-01,223035.0,410,24457.0,9665.0,1166,47615.0,468362.0,41504027.0,228603,2797.0,2553.0,9207091.0,141973,56,151506495,1160138,0.02422426366807931,2020-11-01,0.13558399841512422
127,2020-10-31,222625.0,958,24375.0,9613.0,2116,47486.0,467196.0,41275424.0,325765,2786.0,2502.0,9065118.0,91294,56,150346357,1473444,0.024558422736471824,2020-10-31,0.14452583957767112
128,2020-10-30,221667.0,947,24230.0,9550.0,2403,46880.0,465080.0,40949659.0,206695,2776.0,2477.0,8973824.0,97942,56,148872913,1423126,0.024701509635134365,2020-10-30,0.1727770822928917
129,2020-10-29,220720.0,1060,24082.0,9320.0,2321,46191.0,462677.0,40742964.0,317094,2760.0,2399.0,8875882.0,89365,56,147449787,1453174,0.02486738782692244,2020-10-29,0.16095451668285227
130,2020-10-28,219660.0,1047,23883.0,9133.0,2461,45214.0,460356.0,40425870.0,265933,2744.0,2354.0,8786517.0,79700,56,145996613,1150428,0.024999667103586098,2020-10-28,0.1470642474431728
131,2020-10-27,218613.0,922,23701.0,8985.0,2290,44391.0,457895.0,40159937.0,220640,2719.0,2283.0,8706817.0,72255,56,144846185,1150455,0.02510825712771958,2020-10-27,0.16505244475754496
132,2020-10-26,217691.0,397,23542.0,8946.0,1697,42988.0,455605.0,39939297.0,268034,2703.0,2300.0,8634562.0,63430,56,143695730,1131572,0.025211585717955353,2020-10-26,0.1533895217659242
133,2020-10-25,217294.0,391,23420.0,8590.0,1076,41883.0,453908.0,39671263.0,268680,2693.0,2176.0,8571132.0,64471,56,142564158,1222362,0.02535184384046355,2020-10-25,0.17794979749475034
134,2020-10-24,216903.0,896,23356.0,8675.0,1822,42087.0,452832.0,39402583.0,259771,2691.0,2230.0,8506661.0,83792,56,141341796,1370239,0.025498018552755304,2020-10-24,0.17056080903627002
135,2020-10-23,216007.0,949,23221.0,8342.0,15058,41614.0,451010.0,39142812.0,304853,2679.0,2180.0,8422869.0,82575,56,139971557,1444382,0.025645299719133707,2020-10-23,0.1431007365730657
136,2020-10-22,215058.0,1117,23018.0,8180.0,2505,41114.0,435952.0,38837959.0,301777,2641.0,2147.0,8340294.0,73419,56,138527175,1305768,0.025785421952751304,2020-10-22,0.15999053007685535
137,2020-10-21,213941.0,1028,22855.0,8291.0,2123,40397.0,433447.0,38536182.0,201552,2622.0,2083.0,8266875.0,61710,56,137221407,1055928,0.025879307477130114,2020-10-21,0.16221667032202067
138,2020-10-20,212913.0,833,22662.0,8206.0,2309,39391.0,431324.0,38334630.0,201519,2593.0,2042.0,8205165.0,60574,56,136165479,1034354,0.025948655511497942,2020-10-20,0.1640362349982119
139,2020-10-19,212080.0,443,22475.0,8063.0,1605,37976.0,429015.0,38133111.0,347469,2577.0,1804.0,8144591.0,57650,56,135131125,1100768,0.02603936772270087,2020-10-19,0.16112212334456935
140,2020-10-18,211637.0,405,22391.0,7383.0,813,36536.0,427410.0,37785642.0,193978,2557.0,1762.0,8086941.0,47957,56,134030357,1074271,0.026170216896599097,2020-10-18,0.16637258712657796
141,2020-10-17,211232.0,780,22320.0,7466.0,1546,37474.0,426597.0,37591664.0,260557,2553.0,1791.0,8038984.0,57675,56,132956086,1329098,0.0262759572602707,2020-10-17,0.14901660709097347
142,2020-10-16,210452.0,891,22202.0,7333.0,1866,37479.0,425051.0,37331107.0,272444,2547.0,1740.0,7981309.0,68505,56,131626988,1247307,0.026368105783149104,2020-10-16,0.12588719343270074
143,2020-10-15,209561.0,928,22051.0,7303.0,2010,37423.0,423185.0,37058663.0,263255,2531.0,1773.0,7912804.0,63641,56,130379681,1182695,0.02648378501476847,2020-10-15,0.14935081911432102
144,2020-10-14,208633.0,801,21889.0,7236.0,2437,37184.0,421175.0,36795408.0,144110,2516.0,1775.0,7849163.0,57240,56,129196986,1114421,0.026580286331166776,2020-10-14,0.12846850073655444
145,2020-10-13,207832.0,718,21735.0,7104.0,2058,36171.0,418738.0,36651298.0,212674,2485.0,1757.0,7791923.0,46979,56,128082565,1090310,0.026672748177824654,2020-10-13,0.13189529639473604
146,2020-10-12,207114.0,285,21625.0,6860.0,1106,35148.0,416680.0,36438624.0,212125,2464.0,1663.0,7744944.0,43234,56,126992255,950118,0.02674183312364815,2020-10-12,0.1828449891039375
147,2020-10-11,206829.0,471,21553.0,6749.0,981,34609.0,415574.0,36226499.0,219640,2454.0,1646.0,7701710.0,46672,56,126042137,1101794,0.026854945200481452,2020-10-11,0.16548783751182627
148,2020-10-10,206358.0,691,21512.0,6752.0,1486,34700.0,414593.0,36006859.0,298554,2451.0,1667.0,7655038.0,57635,56,124940343,1304994,0.02695714900435504,2020-10-10,0.15063202030096384
149,2020-10-09,205667.0,913,21389.0,6775.0,1735,34974.0,413107.0,35708305.0,280432,2437.0,1651.0,7597403.0,56993,56,123635349,1270461,0.02707069771078354,2020-10-09,0.17545388479326146
150,2020-10-08,204754.0,979,21217.0,6694.0,2134,34446.0,411372.0,35427873.0,6923,2427.0,1638.0,7540410.0,55308,56,122364888,1225426,0.027154226361696513,2020-10-08,0.14504410279824392
151,2020-10-07,203775.0,929,21112.0,6591.0,2138,33565.0,409238.0,35420950.0,232274,2410.0,1650.0,7485102.0,51216,56,121139462,1081509,0.02722407790835716,2020-10-07,0.17209297412110947
152,2020-10-06,202846.0,613,20973.0,6490.0,-752,32726.0,407100.0,35188676.0,185103,2388.0,1609.0,7433886.0,38846,56,120057953,954557,0.027286670793714083,2020-10-06,0.13719873237701846
153,2020-10-05,202233.0,331,20812.0,6292.0,1447,31426.0,407852.0,35003573.0,243549,2370.0,1514.0,7395040.0,37752,56,119103396,937566,0.027347113741102144,2020-10-05,0.1443145827033164
154,2020-10-04,201902.0,380,20729.0,6056.0,663,30063.0,406405.0,34760024.0,298235,2362.0,1485.0,7357288.0,38165,56,118165830,1026748,0.027442448902367286,2020-10-04,0.13791223399559818
155,2020-10-03,201522.0,738,20686.0,6073.0,1088,30209.0,405742.0,34461789.0,182570,2358.0,1501.0,7319123.0,50874,56,117139082,1126528,0.02753362663805486,2020-10-03,0.13057032283708567
156,2020-10-02,200784.0,842,20612.0,6195.0,1443,30880.0,404654.0,34279219.0,311588,2348.0,1534.0,7268249.0,49427,56,116012554,1216123,0.027624810322266064,2020-10-02,0.15120540696356202
157,2020-10-01,199942.0,862,20492.0,6262.0,1757,30942.0,403211.0,33967631.0,214834,2334.0,1543.0,7218822.0,45720,56,114796431,1016972,0.027697316819835702,2020-10-01,0.15293795302264182
158,2020-09-30,199080.0,1064,20390.0,6241.0,1618,31021.0,401454.0,33752797.0,226976,2319.0,1510.0,7173102.0,44909,56,113779459,976422,0.027753683134576924,2020-09-30,0.14117095192720594
159,2020-09-29,198016.0,724,20247.0,6172.0,1673,30601.0,399836.0,33525821.0,203930,2298.0,1497.0,7128193.0,36766,56,112803037,992038,0.027779270286312392,2020-09-29,0.14985465439923745
160,2020-09-28,197292.0,246,20121.0,6048.0,1181,29696.0,398163.0,33321891.0,258394,2285.0,1513.0,7091427.0,35376,56,111810999,991825,0.02782119875167579,2020-09-28,0.1509237672694199
161,2020-09-27,197046.0,310,20050.0,6170.0,613,29579.0,396982.0,33063497.0,193116,2277.0,1511.0,7056051.0,34990,56,110819174,932751,0.027925818563386235,2020-09-27,0.14308919360100975
162,2020-09-26,196736.0,873,20002.0,6143.0,1225,29670.0,396369.0,32870381.0,277523,2272.0,1509.0,7021061.0,47268,56,109886423,1141392,0.028020836167069334,2020-09-26,0.124127153759337
163,2020-09-25,195863.0,847,19919.0,6220.0,1322,29888.0,395144.0,32592858.0,273712,2264.0,1508.0,6973793.0,55237,56,108745031,1151382,0.028085576959339057,2020-09-25,0.1368301281104715
164,2020-09-24,195016.0,938,19555.0,6274.0,1484,30159.0,393822.0,32319146.0,254550,2177.0,1560.0,6918556.0,43341,56,107593649,1010190,0.028187384766416575,2020-09-24,0.1199363508054325
165,2020-09-23,194078.0,1156,19452.0,6200.0,1454,30015.0,392338.0,32064596.0,223960,2154.0,1545.0,6875215.0,39498,56,106583459,1013367,0.028228644486026983,2020-09-23,0.144797745660491
166,2020-09-22,192922.0,859,19324.0,6188.0,1534,29645.0,390884.0,31840636.0,258099,2130.0,1558.0,6835717.0,48986,56,105570092,917213,0.02822264292099863,2020-09-22,0.14314147709423933
167,2020-09-21,192063.0,281,19353.0,6138.0,1064,28849.0,389350.0,31582537.0,146752,2116.0,1570.0,6786731.0,39162,56,104652879,750351,0.028299780851782693,2020-09-21,0.15131414435289514
168,2020-09-20,191782.0,327,19281.0,6100.0,525,28724.0,388286.0,31435785.0,265956,2112.0,1595.0,6747569.0,35533,56,103902528,994272,0.02842238441726198,2020-09-20,0.15326577683224718
169,2020-09-19,191455.0,747,19243.0,6163.0,1051,29185.0,387761.0,31169829.0,279068,2111.0,1577.0,6712036.0,45668,56,102908256,1169942,0.028524131872951813,2020-09-19,0.1723527540306788
170,2020-09-18,190708.0,901,19163.0,6175.0,1423,29651.0,386710.0,30890761.0,277046,2107.0,1608.0,6666368.0,46889,56,101738314,1094695,0.02860748161517636,2020-09-18,0.1717747093541229
171,2020-09-17,189807.0,880,19057.0,6285.0,1549,30035.0,385287.0,30613715.0,245451,2092.0,1662.0,6619479.0,43642,56,100643619,990095,0.028674008936352847,2020-09-17,0.1703572686237678
172,2020-09-16,188927.0,1190,18961.0,6303.0,1461,30345.0,383738.0,30368264.0,182360,2090.0,1647.0,6575837.0,40319,56,99653524,839956,0.028730487084761985,2020-09-16,0.14306422734532462
173,2020-09-15,187737.0,1034,18847.0,6308.0,1484,30427.0,382277.0,30185904.0,216815,2071.0,1574.0,6535518.0,34778,56,98813568,852734,0.028725649596558375,2020-09-15,0.15734236078131916
174,2020-09-14,186703.0,407,18748.0,6249.0,912,30071.0,380793.0,29969089.0,198825,2061.0,1513.0,6500740.0,33572,56,97960834,821093,0.028720268769401636,2020-09-14,0.16458934153023222
175,2020-09-13,186296.0,392,18692.0,6233.0,545,29921.0,379881.0,29770264.0,226347,2056.0,1562.0,6467168.0,34579,56,97139741,792700,0.028806426553322877,2020-09-13,0.14376042564030628
176,2020-09-12,185904.0,817,18648.0,6451.0,1145,30758.0,379336.0,29543917.0,227638,2051.0,1619.0,6432589.0,41850,56,96347041,1020760,0.02890033857285146,2020-09-12,0.13553376989639915
177,2020-09-11,185087.0,1015,18549.0,6376.0,1510,31530.0,378191.0,29316279.0,244892,2031.0,1716.0,6390739.0,44698,56,95326281,937575,0.028961752310648268,2020-09-11,0.15400128509884606
178,2020-09-10,184072.0,1161,18453.0,6522.0,1498,32521.0,376681.0,29071387.0,197077,2008.0,1923.0,6346041.0,37409,56,94388706,821387,0.02900580062435777,2020-09-10,0.15447894152606062
179,2020-09-09,182911.0,1088,18322.0,6659.0,1970,32653.0,375183.0,28874310.0,191966,1994.0,1906.0,6308632.0,30733,56,93567319,751002,0.028993766001884403,2020-09-09,0.14051743555701504
180,2020-09-08,181823.0,347,18189.0,6543.0,934,32339.0,373213.0,28682344.0,123290,1975.0,1881.0,6277899.0,22310,56,92816317,546859,0.028962396496025184,2020-09-08,0.13831678161932492
181,2020-09-07,181476.0,227,18156.0,6630.0,474,32116.0,372279.0,28559054.0,191875,1967.0,1879.0,6255589.0,28117,56,92269458,670866,0.029010217902742653,2020-09-07,0.14712895217697064
182,2020-09-06,181249.0,452,18125.0,6700.0,499,32497.0,371805.0,28367179.0,206134,1960.0,1912.0,6227472.0,33033,56,91598592,764565,0.02910474748019742,2020-09-06,0.14005501896439146
183,2020-09-05,180797.0,926,18089.0,6766.0,1173,33626.0,371306.0,28161045.0,218536,1956.0,1956.0,6194439.0,44860,56,90834027,993565,0.029186985294390663,2020-09-05,0.12790841660221788
184,2020-09-04,179871.0,999,18012.0,6922.0,1249,34177.0,370133.0,27942509.0,256511,1943.0,1998.0,6149579.0,51600,56,89840462,1089037,0.02924931934364938,2020-09-04,0.1230731108879352
185,2020-09-03,178872.0,1072,17894.0,6923.0,1488,34753.0,368884.0,27685998.0,227081,1928.0,2038.0,6097979.0,44643,56,88751425,909820,0.029332997047054443,2020-09-03,0.121273131130367
186,2020-09-02,177800.0,1035,17784.0,7091.0,1521,35660.0,367396.0,27458917.0,211097,1918.0,2027.0,6053336.0,30655,56,87841605,796145,0.02937223375672522,2020-09-02,0.14677695457669052
187,2020-09-01,176765.0,1014,17655.0,7084.0,1867,35338.0,365875.0,27247820.0,179210,1902.0,2041.0,6022681.0,42242,56,87045460,796530,0.029349885873085426,2020-09-01,0.15307486194327868
188,2020-08-31,175751.0,380,17537.0,7047.0,710,35453.0,364008.0,27068610.0,180728,1877.0,2075.0,5980439.0,31720,56,86248930,680649,0.029387641944011132,2020-08-31,0.15130230569808822
189,2020-08-30,175371.0,477,17439.0,7268.0,662,35801.0,363298.0,26887882.0,220802,1870.0,2055.0,5948719.0,38766,56,85568281,823350,0.029480464617676512,2020-08-30,0.12195652244399753
190,2020-08-29,174894.0,1017,17401.0,7413.0,1299,36516.0,362636.0,26667080.0,257166,1864.0,2062.0,5909953.0,43995,56,84744931,947087,0.029593128744001856,2020-08-29,0.1382217036627607
191,2020-08-28,173877.0,1020,17304.0,7564.0,1642,37356.0,361337.0,26409914.0,224635,1856.0,2087.0,5865958.0,46115,56,83797844,938465,0.029641705583299437,2020-08-28,0.15494583031407222
192,2020-08-27,172857.0,1128,17181.0,7712.0,1654,37498.0,359695.0,26185279.0,243599,1831.0,2128.0,5819843.0,44111,56,82859379,857577,0.029701316685003358,2020-08-27,0.15103880947472506
193,2020-08-26,171729.0,1300,17046.0,7742.0,1804,38515.0,358041.0,25941680.0,216584,1809.0,2143.0,5775732.0,44331,56,82001802,772668,0.02973285464076242,2020-08-26,0.13452585910130135
194,2020-08-25,170429.0,1140,16920.0,7854.0,1988,38831.0,356237.0,25725096.0,224504,1789.0,2161.0,5731401.0,36839,56,81229134,743872,0.02973601044491565,2020-08-25,0.14269550739808567
195,2020-08-24,169289.0,341,16787.0,7854.0,1031,38806.0,354249.0,25500592.0,219639,1764.0,2112.0,5694562.0,34543,56,80485262,714951,0.029728186294222452,2020-08-24,0.16040027153113956
196,2020-08-23,168948.0,577,16697.0,7949.0,698,39064.0,353218.0,25280953.0,128482,1737.0,2131.0,5660019.0,37900,56,79770311,725718,0.029849369763599733,2020-08-23,0.1574031149252661
197,2020-08-22,168371.0,1035,16657.0,8207.0,1603,40017.0,352520.0,25152471.0,229726,1736.0,2204.0,5622119.0,46054,56,79044593,908182,0.02994796090228613,2020-08-22,0.1458992973657136
198,2020-08-21,167336.0,1119,16563.0,8358.0,1783,41049.0,350917.0,24922745.0,251599,1730.0,2288.0,5576065.0,46456,56,78136411,915434,0.030009693215556132,2020-08-21,0.1467275619638113
199,2020-08-20,166217.0,1129,16487.0,8486.0,1983,42109.0,349134.0,24671146.0,208472,1716.0,2330.0,5529609.0,43844,56,77220977,864210,0.030059449049652517,2020-08-20,0.1567492421364366
200,2020-08-19,165088.0,1411,16377.0,8747.0,1983,43406.0,347151.0,24462674.0,243232,1705.0,2375.0,5485765.0,45073,56,76356767,832115,0.030093888454937462,2020-08-19,0.13726879129789404
201,2020-08-18,163677.0,1179,16123.0,8859.0,2261,43840.0,345168.0,24219442.0,205817,1695.0,2467.0,5440692.0,40070,56,75524652,771994,0.030083856979957697,2020-08-18,0.1568258517879032
202,2020-08-17,162498.0,411,15985.0,8881.0,1224,43614.0,342907.0,24013625.0,186974,1678.0,2444.0,5400622.0,37751,56,74752658,702582,0.030088756443239315,2020-08-17,0.1814751620323808
203,2020-08-16,162087.0,617,15924.0,8958.0,685,44155.0,341683.0,23826651.0,258191,1665.0,2481.0,5362871.0,42503,56,74050076,785200,0.030223922969618327,2020-08-16,0.1542015611869623
204,2020-08-15,161470.0,1227,15891.0,9087.0,1891,44922.0,340998.0,23568460.0,249234,1663.0,2526.0,5320368.0,56046,56,73264876,893080,0.03034940440210151,2020-08-15,0.13907603250431805
205,2020-08-14,160243.0,1226,15764.0,9277.0,2141,45868.0,339107.0,23319226.0,309137,1665.0,2555.0,5264322.0,57101,56,72371796,990725,0.03043943740523471,2020-08-14,0.13050588681780315
206,2020-08-13,159017.0,1163,15629.0,9480.0,2675,47303.0,336966.0,23010089.0,256634,1649.0,2574.0,5207221.0,51763,56,71381071,954412,0.03053778589385778,2020-08-13,0.12821002806361306
207,2020-08-12,157854.0,1517,15524.0,9564.0,2971,48067.0,334291.0,22753455.0,235552,1629.0,2602.0,5155458.0,56186,56,70426659,813796,0.030618812140453866,2020-08-12,0.1414486298661234
208,2020-08-11,156337.0,1320,15331.0,9135.0,2624,48600.0,331320.0,22517903.0,230600,1612.0,2422.0,5099272.0,54935,56,69612863,845183,0.030658690103214734,2020-08-11,0.1596113260966314
209,2020-08-10,155017.0,430,15158.0,9209.0,1554,48751.0,328696.0,22287303.0,210324,1592.0,2529.0,5044337.0,41370,56,68767680,741379,0.030730896845313865,2020-08-10,0.1445952684075894
210,2020-08-09,154587.0,621,15081.0,9307.0,862,48997.0,327142.0,22076979.0,260584,1578.0,2507.0,5002967.0,50766,56,68026301,803537,0.03089906449512859,2020-08-09,0.1496883956935812
211,2020-08-08,153966.0,1086,15024.0,9662.0,1494,50071.0,326280.0,21816395.0,193121,1561.0,2566.0,4952201.0,53529,56,67222764,789814,0.031090418179714432,2020-08-08,0.11266131007960288
212,2020-08-07,152880.0,1323,14925.0,9698.0,7994,51327.0,324786.0,21623274.0,263766,1549.0,2628.0,4898672.0,60823,56,66432950,890426,0.031208458129060285,2020-08-07,0.13858725831412386
213,2020-08-06,151557.0,1241,14810.0,9996.0,2615,53219.0,316792.0,21359508.0,267211,1534.0,2714.0,4837849.0,54048,56,65542524,848687,0.03132735230057821,2020-08-06,0.1309736373351933
214,2020-08-05,150316.0,1355,14687.0,9988.0,2118,53435.0,314177.0,21092297.0,231712,1524.0,2721.0,4783801.0,52698,56,64693837,816864,0.03142187561731769,2020-08-05,0.1323173522280927
215,2020-08-04,148961.0,1241,14537.0,10207.0,4423,53436.0,312059.0,20860585.0,237419,1493.0,2701.0,4731103.0,51198,56,63876973,806693,0.03148546966743273,2020-08-04,0.1434406746216977
216,2020-08-03,147720.0,516,14370.0,10233.0,1558,53517.0,307636.0,20623166.0,208433,1463.0,2664.0,4679905.0,42738,56,63070280,712084,0.03156474330141317,2020-08-03,0.1597410198883589
217,2020-08-02,147204.0,496,14288.0,10415.0,831,54106.0,306078.0,20414733.0,250686,1448.0,2645.0,4637167.0,53301,56,62358196,790665,0.03174438186073523,2020-08-02,0.14367631400969874
218,2020-08-01,146708.0,1201,14227.0,10450.0,2386,54554.0,305247.0,20164047.0,233394,1445.0,2698.0,4583866.0,60679,56,61567531,817592,0.032005298584208176,2020-08-01,0.12869512589848828
219,2020-07-31,145507.0,1328,14044.0,10473.0,2532,55721.0,302861.0,19930653.0,98386,1437.0,2701.0,4523187.0,67827,56,60749939,988464,0.03216913207435377,2020-07-31,0.15217624222229953
220,2020-07-30,144179.0,1248,13875.0,10519.0,3291,56571.0,300329.0,19832267.0,261819,1415.0,2762.0,4455360.0,68961,56,59761475,887682,0.03236079688285571,2020-07-30,0.1549506630255077
221,2020-07-29,142931.0,1503,13744.0,10535.0,2860,57422.0,297038.0,19570448.0,286097,1400.0,2771.0,4386399.0,64143,56,58873793,908717,0.03258504299312488,2020-07-29,0.14930458552369624
222,2020-07-28,141428.0,1111,13559.0,10463.0,4068,57185.0,294178.0,19284351.0,235635,1372.0,2748.0,4322256.0,58457,56,57965076,842374,0.03272087539470129,2020-07-28,0.1333375328658545
223,2020-07-27,140317.0,1066,13412.0,10328.0,1631,58987.0,290110.0,19048716.0,241474,1356.0,2723.0,4263799.0,54479,56,57122702,768987,0.032908915265471,2020-07-27,0.17900355831978115
224,2020-07-26,139251.0,561,13343.0,10353.0,1380,58731.0,288479.0,18807242.0,290147,1336.0,2723.0,4209320.0,60768,56,56353715,859179,0.03308159037564262,2020-07-26,0.15047442703045869
225,2020-07-25,138690.0,1014,13279.0,10380.0,1820,59382.0,287099.0,18517095.0,281095,1300.0,2729.0,4148552.0,64845,56,55494536,882389,0.0334309416876057,2020-07-25,0.15820789513012393
226,2020-07-24,137676.0,1175,13182.0,10389.0,3063,59800.0,285279.0,18236000.0,313787,1297.0,2709.0,4083707.0,75061,56,54612147,1007671,0.03371348630055976,2020-07-24,0.1683783167174342
227,2020-07-23,136501.0,1070,12933.0,10423.0,2373,59860.0,282216.0,17922213.0,310508,1280.0,2467.0,4008646.0,71436,56,53604476,929251,0.03405164736422223,2020-07-23,0.15314468809421405
228,2020-07-22,135431.0,1149,12790.0,10460.0,2238,59758.0,279843.0,17611705.0,263283,1258.0,2444.0,3937210.0,69422,56,52675225,901870,0.034397708021670165,2020-07-22,0.13606793665447262
229,2020-07-21,134282.0,1041,12629.0,6717.0,2551,59476.0,277605.0,17348422.0,240960,1242.0,2414.0,3867788.0,62920,56,51773355,833566,0.034718035218062625,2020-07-21,0.13960712117771235
230,2020-07-20,133241.0,376,12475.0,6551.0,1563,58518.0,275054.0,17107462.0,246497,1223.0,2403.0,3804868.0,56663,56,50939789,737209,0.035018560433633966,2020-07-20,0.13786880688660694
231,2020-07-19,132865.0,527,12393.0,6384.0,888,58052.0,273491.0,16860965.0,266177,1216.0,2362.0,3748205.0,64230,56,50202580,789513,0.03544763426760276,2020-07-19,0.1493218942093833
232,2020-07-18,132338.0,876,12342.0,6397.0,1992,57822.0,272603.0,16594788.0,214410,1211.0,2343.0,3683975.0,64750,56,49413067,869668,0.0359226107669026,2020-07-18,0.14962458395175685
233,2020-07-17,131462.0,939,12243.0,6451.0,2485,57871.0,270611.0,16380378.0,277945,1200.0,2352.0,3619225.0,76524,56,48543399,943532,0.03632324599879808,2020-07-17,0.1605169748723031
234,2020-07-16,130523.0,941,12091.0,6349.0,2210,57602.0,268126.0,16102433.0,286947,1175.0,2314.0,3542701.0,70489,56,47599867,948000,0.036842793111809324,2020-07-16,0.18413405199136648
235,2020-07-15,129582.0,863,12002.0,6328.0,2388,56340.0,265916.0,15815486.0,268202,1166.0,2322.0,3472212.0,69373,56,46651867,913964,0.03731972586927296,2020-07-15,0.15855831843369889
236,2020-07-14,128719.0,741,11857.0,6238.0,2246,55678.0,263528.0,15547284.0,259542,1154.0,2263.0,3402839.0,58609,56,45737903,835205,0.03782694391359685,2020-07-14,0.1604725986420601
237,2020-07-13,127978.0,329,11749.0,6063.0,1120,54118.0,261282.0,15287742.0,225250,1142.0,2254.0,3344230.0,57160,56,44902698,764696,0.038268300924278534,2020-07-13,0.13232738916185888
238,2020-07-12,127649.0,472,11679.0,5930.0,894,52860.0,260162.0,15062492.0,263609,1136.0,2182.0,3287070.0,61605,56,44138002,796940,0.03883367254119931,2020-07-12,0.1446328812847235
239,2020-07-11,127177.0,755,11612.0,5939.0,5088,51982.0,259268.0,14798883.0,264909,1128.0,2169.0,3225465.0,62569,56,43341062,836027,0.03942904356426128,2020-07-11,0.15376038738393194
240,2020-07-10,126422.0,839,11523.0,5899.0,2196,51724.0,254180.0,14533974.0,288642,1118.0,2192.0,3162896.0,67111,56,42505035,912598,0.03997033098780358,2020-07-10,0.1509556551665166
241,2020-07-09,125583.0,863,11370.0,5843.0,1661,44051.0,251984.0,14245332.0,283969,1138.0,2129.0,3095785.0,59062,56,41592437,846616,0.040565801565677205,2020-07-09,0.1536428531490175
242,2020-07-08,124720.0,819,11303.0,5872.0,1890,43207.0,250323.0,13961363.0,211173,1103.0,2167.0,3036723.0,62813,56,40745821,780578,0.04107058826241313,2020-07-08,0.15351639942243078
243,2020-07-07,123901.0,905,11177.0,5838.0,1976,41949.0,248433.0,13750190.0,208560,1084.0,2102.0,2973910.0,50990,56,39965243,742033,0.04166265959628906,2020-07-07,0.1487665978109523
244,2020-07-06,122996.0,237,11058.0,5678.0,762,39960.0,246457.0,13541630.0,171559,1070.0,2104.0,2922920.0,40925,56,39223210,650829,0.04207983797024893,2020-07-06,0.1592718127758019
245,2020-07-05,122759.0,209,11010.0,5653.0,582,38872.0,245695.0,13370071.0,211440,1064.0,2080.0,2881995.0,45334,56,38572381,620599,0.04259514676465435,2020-07-05,0.15117406392853847
246,2020-07-04,122550.0,296,10977.0,5633.0,872,38281.0,245113.0,13158631.0,211195,1063.0,1982.0,2836661.0,54881,56,37951782,690846,0.04320220146150703,2020-07-04,0.13783007652671875
247,2020-07-03,122254.0,603,10936.0,5597.0,1358,37927.0,244241.0,12947436.0,247534,1059.0,2049.0,2781780.0,54199,56,37260936,796182,0.04394811954935329,2020-07-03,0.15482934131073678
248,2020-07-02,121651.0,699,10843.0,5636.0,1697,37646.0,242883.0,12699902.0,228663,1041.0,2104.0,2727581.0,53511,56,36464754,774335,0.04460032534322537,2020-07-02,0.16820878786870255
249,2020-07-01,120952.0,698,10752.0,5492.0,1429,36526.0,241186.0,12471239.0,224206,1027.0,2099.0,2674070.0,51046,56,35690419,729493,0.045231426252865484,2020-07-01,0.1625056772656292
250,2020-06-30,120254.0,579,10669.0,5426.0,1473,35337.0,239757.0,12247033.0,225256,1008.0,2044.0,2623024.0,47010,56,34960926,710726,0.04584555840892039,2020-06-30,0.16616949800855715
251,2020-06-29,119675.0,336,10542.0,5389.0,731,33742.0,238284.0,12021777.0,246910,990.0,2021.0,2576014.0,39398,56,34250200,661374,0.0464574338493502,2020-06-29,0.14309277124545536
252,2020-06-28,119339.0,273,10473.0,5252.0,547,32575.0,237553.0,11774867.0,227957,983.0,2077.0,2536616.0,41745,56,33588826,613978,0.047046537591815235,2020-06-28,0.16654241942511874
253,2020-06-27,119066.0,508,10415.0,5314.0,1058,32566.0,237006.0,11546910.0,215921,977.0,2159.0,2494871.0,43058,56,32974848,721135,0.04772431119685146,2020-06-27,0.15688374321481532
254,2020-06-26,118558.0,618,10334.0,5290.0,1542,31850.0,235948.0,11330989.0,220349,966.0,2069.0,2451813.0,44340,56,32253713,793454,0.048355237532389295,2020-06-26,0.1513775228973613
255,2020-06-25,117940.0,648,10257.0,5319.0,1296,31922.0,234406.0,11110640.0,247894,951.0,2214.0,2407473.0,39707,56,31460259,715570,0.04898912677317669,2020-06-25,0.1415830043461453
256,2020-06-24,117292.0,704,10173.0,5292.0,1246,31270.0,233110.0,10862746.0,184637,934.0,2247.0,2367766.0,39117,56,30744689,562962,0.04953698971942329,2020-06-24,0.1498062463145125
257,2020-06-23,116588.0,724,10077.0,5392.0,1271,30355.0,231864.0,10678109.0,171427,918.0,2292.0,2328649.0,33447,56,30181727,670015,0.05006679838825001,2020-06-23,0.17695581434527702
258,2020-06-22,115864.0,288,10002.0,5325.0,824,28963.0,230593.0,10506682.0,166595,909.0,2301.0,2295202.0,26829,56,29511712,499163,0.05048095984580007,2020-06-22,0.143738949982267
259,2020-06-21,115576.0,293,9944.0,5195.0,519,28325.0,229769.0,10340087.0,172865,904.0,2321.0,2268373.0,29188,56,29012549,505598,0.050951056109378834,2020-06-21,0.15612143943750545
260,2020-06-20,115283.0,615,9908.0,5229.0,699,28084.0,229250.0,10167222.0,198745,888.0,2380.0,2239185.0,32236,56,28506951,611463,0.05148435703168787,2020-06-20,0.1736986968356026
261,2020-06-19,114668.0,652,9876.0,5337.0,1578,28693.0,228551.0,9968477.0,234737,884.0,2433.0,2206949.0,30865,56,27895488,663567,0.051957702692721944,2020-06-19,0.14302832957949907
262,2020-06-18,114016.0,682,9736.0,5472.0,1108,28538.0,226973.0,9733740.0,185993,869.0,2518.0,2176084.0,27042,56,27231921,556712,0.05239503622102823,2020-06-18,0.13208644446988238
263,2020-06-17,113334.0,780,9665.0,5608.0,1077,28647.0,225865.0,9547747.0,193666,857.0,2584.0,2149042.0,24153,56,26675209,561448,0.05273698699234357,2020-06-17,0.1507090293516862
264,2020-06-16,112554.0,720,9590.0,5570.0,1184,28370.0,224788.0,9354081.0,180528,845.0,2591.0,2124889.0,22838,56,26113761,504724,0.052969355105137256,2020-06-16,0.14996314284616213
265,2020-06-15,111834.0,385,9516.0,5700.0,664,28034.0,223604.0,9173553.0,167343,835.0,2636.0,2102051.0,18255,56,25609037,448011,0.05320232477708676,2020-06-15,0.16117289682687466
266,2020-06-14,111449.0,355,9466.0,5749.0,610,28020.0,222940.0,9006210.0,169214,834.0,2716.0,2083796.0,21658,56,25161026,477533,0.05348364235270631,2020-06-14,0.1621069763706191
267,2020-06-13,111094.0,694,9430.0,5883.0,954,28578.0,222330.0,8836996.0,197530,830.0,2726.0,2062138.0,25453,56,24683493,544608,0.053873213140924615,2020-06-13,0.18767024819530545
268,2020-06-12,110400.0,766,9373.0,6009.0,1376,29306.0,221376.0,8639466.0,228304,814.0,2738.0,2036685.0,23141,56,24138885,623384,0.05420573137230352,2020-06-12,0.15968251972679035
269,2020-06-11,109634.0,896,9295.0,6075.0,1526,29850.0,220000.0,8411162.0,149629,792.0,2885.0,2013544.0,21991,56,23515501,484979,0.05444827627307871,2020-06-11,0.1643117968808385
270,2020-06-10,108738.0,893,9225.0,6256.0,1239,30961.0,218474.0,8261533.0,168836,780.0,3022.0,1991553.0,20880,56,23030522,482620,0.05459960141658294,2020-06-10,0.1551125796338204
271,2020-06-09,107845.0,886,9141.0,6453.0,1279,31179.0,217235.0,8092697.0,155350,771.0,3088.0,1970673.0,16916,56,22547902,454850,0.054724959442789343,2020-06-09,0.15499093106697598
272,2020-06-08,106959.0,675,9013.0,6398.0,1071,31105.0,215956.0,7937347.0,132298,762.0,3238.0,1953757.0,16923,56,22093052,405793,0.054745293299013134,2020-06-08,0.14604828753311758
273,2020-06-07,106284.0,447,8957.0,6501.0,655,31490.0,214885.0,7805049.0,188348,753.0,3298.0,1936834.0,19056,56,21687259,434862,0.054875120944799606,2020-06-07,0.1662109567988523
274,2020-06-06,105837.0,714,8920.0,6762.0,989,31994.0,214230.0,7616701.0,224192,750.0,3476.0,1917778.0,22746,56,21252397,557957,0.05518730530853936,2020-06-06,0.16664627451189573
275,2020-06-05,105123.0,835,8863.0,6921.0,1518,32502.0,213241.0,7392509.0,233592,740.0,3520.0,1895032.0,23050,56,20694440,624244,0.0554729418817202,2020-06-05,0.1532035178930934
276,2020-06-04,104288.0,883,8787.0,7044.0,-2856,32802.0,211723.0,7158917.0,180430,723.0,3662.0,1871982.0,20477,56,20070196,498869,0.05570993738187654,2020-06-04,0.13957883867056553
277,2020-06-03,103405.0,975,8688.0,7229.0,2145,33227.0,214579.0,6978487.0,185773,717.0,3754.0,1851505.0,20182,56,19571327,504449,0.055849160547770595,2020-06-03,0.14248070622950945
278,2020-06-02,102430.0,971,8566.0,7410.0,1735,33956.0,212434.0,6792714.0,161590,710.0,3854.0,1831323.0,19879,56,19066878,449048,0.055932241335908524,2020-06-02,0.14368118163824226
279,2020-06-01,101459.0,679,8485.0,7592.0,2862,34325.0,210699.0,6631124.0,158114,704.0,3950.0,1811444.0,20101,56,18617830,419427,0.056010011902106825,2020-06-01,0.12461526031287892
280,2020-05-31,100780.0,655,8445.0,7625.0,895,34925.0,207837.0,6473010.0,147185,704.0,3669.0,1791343.0,21641,56,18198403,430493,0.05625946566347149,2020-05-31,0.16644460700061073
281,2020-05-30,100125.0,923,8305.0,7960.0,1421,35759.0,206942.0,6325825.0,167649,698.0,4008.0,1769702.0,23596,56,17767910,457174,0.056577322057611956,2020-05-30,0.1585904679789949
282,2020-05-29,99202.0,1174,8235.0,8170.0,1571,36942.0,205521.0,6158176.0,196292,689.0,4028.0,1746106.0,23618,56,17310736,534228,0.056813274795459154,2020-05-29,0.14424451061706298
283,2020-05-28,98028.0,1235,8109.0,8392.0,1594,38000.0,203950.0,5961884.0,188257,676.0,4079.0,1722488.0,22799,56,16776508,493996,0.05691070126468225,2020-05-28,0.16379844631091242
284,2020-05-27,96793.0,1335,8015.0,8552.0,1561,38300.0,202356.0,5773627.0,151062,666.0,4223.0,1699689.0,19172,56,16282512,416554,0.05694747686194357,2020-05-27,0.16191760531640495
285,2020-05-26,95458.0,665,7899.0,8580.0,17287,37751.0,200795.0,5622565.0,112350,650.0,4221.0,1680517.0,16690,56,15865958,315330,0.05680275772277222,2020-05-26,0.1653676947671706
286,2020-05-25,94793.0,556,7847.0,8467.0,898,37703.0,183508.0,5510215.0,167919,642.0,4232.0,1663827.0,18555,56,15550628,408047,0.05697287037654756,2020-05-25,0.15078828429473476
287,2020-05-24,94237.0,688,7801.0,8491.0,1028,37742.0,182610.0,5342296.0,128061,639.0,4380.0,1645272.0,19062,56,15142581,389319,0.05727745928940625,2020-05-24,0.13822729925341126
288,2020-05-23,93549.0,1040,7770.0,8739.0,1385,38625.0,181582.0,5214235.0,118220,638.0,4621.0,1626210.0,22561,56,14753262,444574,0.0575257808032173,2020-05-23,0.1577871072647226
289,2020-05-22,92509.0,1290,7689.0,9042.0,3949,40008.0,180197.0,5096015.0,172853,633.0,4714.0,1603649.0,24115,56,14308688,453783,0.057686563580933235,2020-05-22,0.15104138500557546
290,2020-05-21,91219.0,1380,7412.0,9092.0,4547,41359.0,176248.0,4923162.0,228097,616.0,4871.0,1579534.0,26831,56,13854905,508832,0.05775057706893299,2020-05-21,0.14660897810278836
291,2020-05-20,89839.0,1397,7319.0,9522.0,1756,41856.0,171701.0,4695065.0,167279,613.0,4907.0,1552703.0,21293,56,13346073,450292,0.05785974523138037,2020-05-20,0.14203711070123815
292,2020-05-19,88442.0,1317,7217.0,9598.0,1548,42023.0,169945.0,4527786.0,165975,606.0,5032.0,1531410.0,20687,56,12895781,420506,0.057752006320972174,2020-05-19,0.14337219100646714
293,2020-05-18,87125.0,854,7064.0,9748.0,1132,41940.0,168397.0,4361811.0,127310,602.0,5260.0,1510723.0,20597,56,12475275,349995,0.05767106213382599,2020-05-18,0.16584608656709388
294,2020-05-17,86271.0,873,7003.0,9945.0,1134,42019.0,167265.0,4234501.0,140015,593.0,5467.0,1490126.0,20436,56,12125280,351153,0.05789510417239884,2020-05-17,0.1422837993418523
295,2020-05-16,85398.0,1237,6945.0,10276.0,1796,43515.0,166131.0,4094486.0,130077,592.0,5532.0,1469690.0,23743,56,11774127,392591,0.0581061312249522,2020-05-16,0.14382819469179833
296,2020-05-15,84161.0,1538,6890.0,10476.0,1314,44553.0,164335.0,3964409.0,123836,589.0,5744.0,1445947.0,25490,56,11381536,406415,0.058204761308678674,2020-05-15,0.1310035014068961
297,2020-05-14,82623.0,1853,6795.0,10655.0,3160,45923.0,163021.0,3840573.0,137271,582.0,5940.0,1420457.0,26773,56,10975121,391455,0.05816649148830271,2020-05-14,0.1521903289628306
298,2020-05-13,80770.0,1730,6713.0,10991.0,1786,46921.0,159861.0,3703302.0,116695,572.0,6164.0,1393684.0,21500,56,10583666,345138,0.05795431389037974,2020-05-13,0.16874377894804712
299,2020-05-12,79040.0,1509,6585.0,11241.0,1486,47343.0,158075.0,3586607.0,109273,559.0,6350.0,1372184.0,22442,56,10238528,339232,0.05760160444954904,2020-05-12,0.13731462270176126
300,2020-05-11,77531.0,891,6488.0,11153.0,1374,46550.0,156589.0,3477334.0,207145,551.0,6349.0,1349742.0,18140,56,9899296,374214,0.05744134805021997,2020-05-11,0.1599832448978051
301,2020-05-10,76640.0,1035,6445.0,11382.0,1043,46735.0,155215.0,3270189.0,93962,547.0,6392.0,1331602.0,21116,56,9525082,275936,0.057554734823167884,2020-05-10,0.15191580932951235
302,2020-05-09,75605.0,1456,6367.0,11504.0,1680,48581.0,154172.0,3176227.0,111242,543.0,6550.0,1310486.0,25320,56,9249146,323737,0.057692337041372437,2020-05-09,0.1356598228310308
303,2020-05-08,74149.0,1784,6294.0,11786.0,6230,49770.0,152492.0,3064985.0,104963,531.0,6793.0,1285166.0,27197,56,8925409,312586,0.057696048603837945,2020-05-08,0.1317343702363915
304,2020-05-07,72365.0,2748,5174.0,12135.0,4191,51445.0,146262.0,2960022.0,93943,529.0,7067.0,1257969.0,27229,56,8612823,330008,0.057525264931011816,2020-05-07,0.12736992697342958
305,2020-05-06,69617.0,1918,4911.0,12480.0,2154,52609.0,142071.0,2866079.0,89076,449.0,4758.0,1230740.0,25256,56,8282815,284216,0.05656515592245316,2020-05-06,0.13101904327878208
306,2020-05-05,67699.0,2490,4794.0,12620.0,1932,53164.0,139917.0,2777003.0,104879,439.0,4810.0,1205484.0,22344,56,7998599,278449,0.056159185853980643,2020-05-05,0.13156004911543898
307,2020-05-04,65209.0,1028,4579.0,12701.0,1765,52375.0,137985.0,2672124.0,89245,430.0,4852.0,1183140.0,22195,56,7720150,236185,0.055115201920313744,2020-05-04,0.15057934838658715
308,2020-05-03,64181.0,1248,4502.0,12724.0,1855,52623.0,136220.0,2582879.0,95643,425.0,4762.0,1160945.0,25789,56,7483965,240968,0.055283411358849906,2020-05-03,0.17673177152291322
309,2020-05-02,62933.0,1527,4386.0,12904.0,1995,54008.0,134365.0,2487236.0,79105,375.0,4846.0,1135156.0,29196,56,7242997,272239,0.05543995715126379,2020-05-02,0.1251450636424365
310,2020-05-01,61406.0,1809,4300.0,12861.0,9874,54897.0,132370.0,2408131.0,104558,376.0,4712.0,1105960.0,32808,56,6970758,285823,0.05552280371803682,2020-05-01,0.15599356299655398
311,2020-04-30,59597.0,2160,4192.0,13246.0,2382,54905.0,122496.0,2303573.0,81678,373.0,4708.0,1073152.0,30046,56,6684935,275561,0.05553453751192748,2020-04-30,0.14593144246572184
312,2020-04-29,57437.0,2676,4093.0,13550.0,2946,56009.0,120114.0,2221895.0,87461,365.0,4803.0,1043106.0,26176,56,6409374,256119,0.055063435547298166,2020-04-29,0.14404739186738247
313,2020-04-28,54761.0,2078,3798.0,13562.0,2014,56034.0,117168.0,2134434.0,69320,252.0,4760.0,1016930.0,25234,56,6153255,216665,0.05384933082906395,2020-04-28,0.1467551581466543
314,2020-04-27,52683.0,1290,3720.0,13812.0,2245,56183.0,115154.0,2065114.0,62965,252.0,4867.0,991696.0,22407,56,5936590,194539,0.05312414288249625,2020-04-27,0.13967463757799672
315,2020-04-26,51393.0,1219,2571.0,14093.0,2215,56161.0,112909.0,2002149.0,75323,227.0,5119.0,969289.0,27314,56,5742051,205794,0.05302133832118181,2020-04-26,0.15490705994698106
316,2020-04-25,50174.0,1629,2516.0,14411.0,2297,57340.0,110694.0,1926826.0,104803,227.0,5266.0,941975.0,35734,56,5536257,276303,0.05326468324530906,2020-04-25,0.15266414659648506
317,2020-04-24,48545.0,1974,2468.0,14623.0,2388,57370.0,108397.0,1822023.0,83279,227.0,5194.0,906241.0,34226,56,5259954,245379,0.05356742853170404,2020-04-24,0.13591754421731347
318,2020-04-23,46571.0,1809,2428.0,14737.0,2820,59214.0,106009.0,1738744.0,64842,227.0,5463.0,872015.0,31953,56,5014575,218113,0.0534061914072579,2020-04-23,0.14666912603939833
319,2020-04-22,44762.0,2085,2370.0,15016.0,3086,59207.0,103189.0,1673902.0,-214153,227.0,5474.0,840062.0,29176,56,4796462,334406,0.0532841623594449,2020-04-22,0.15759651502404742
320,2020-04-21,42677.0,2479,2315.0,14945.0,2736,59779.0,100103.0,1888055.0,63914,214.0,5514.0,810886.0,26039,56,4462056,166966,0.05263008610334868,2020-04-21,0.15246763579063544
321,2020-04-20,40198.0,1816,2193.0,14463.0,2309,56721.0,97367.0,1824141.0,70851,214.0,5569.0,784847.0,25967,56,4295090,144633,0.05121762585574004,2020-04-20,0.16145209520962933
322,2020-04-19,38382.0,1763,2145.0,14385.0,2177,56497.0,95058.0,1753290.0,69050,214.0,5603.0,758880.0,27523,56,4150457,148926,0.05057716635041113,2020-04-19,0.15006282193321754
323,2020-04-18,36619.0,1895,2096.0,14764.0,3440,57799.0,92881.0,1684240.0,70405,205.0,5733.0,731357.0,27950,56,4001531,171880,0.05006993848421496,2020-04-18,0.1477873450418679
324,2020-04-17,34724.0,2118,2052.0,14910.0,3366,58892.0,89441.0,1613835.0,69199,187.0,6098.0,703407.0,31984,56,3829651,172149,0.049365445609725236,2020-04-17,0.13239886510114834
325,2020-04-16,32606.0,2194,1834.0,15136.0,3172,59496.0,86075.0,1544636.0,79739,176.0,5940.0,671423.0,31527,56,3657502,183046,0.048562530625254126,2020-04-16,0.14937005651977786
326,2020-04-15,30412.0,2545,1783.0,14639.0,3502,59930.0,82903.0,1464897.0,57904,223.0,6033.0,639896.0,29983,56,3474456,149278,0.04752647305187093,2020-04-15,0.1369670638562159
327,2020-04-14,27867.0,2352,1715.0,14047.0,3172,59610.0,79401.0,1406993.0,73584,221.0,5981.0,609913.0,25912,56,3325178,160255,0.045690123017545124,2020-04-14,0.13483693326575505
328,2020-04-13,25515.0,1633,1622.0,13605.0,4491,56211.0,76229.0,1333409.0,58602,208.0,6170.0,584001.0,24252,56,3164923,125624,0.04368999368151767,2020-04-13,0.14626948651049682
329,2020-04-12,23882.0,1700,1449.0,13597.0,3322,55294.0,71738.0,1274807.0,67738,158.0,5962.0,559749.0,28127,56,3039299,140609,0.04266555188128965,2020-04-12,0.13131384425429132
330,2020-04-11,22182.0,2075,1399.0,13293.0,3735,55563.0,68416.0,1207069.0,62940,152.0,5986.0,531622.0,31282,56,2898690,158723,0.041725135528627486,2020-04-11,0.15570705785684724
331,2020-04-10,20107.0,2083,1179.0,12693.0,4911,53167.0,64681.0,1144129.0,56160,39.0,5937.0,500340.0,33732,56,2739967,155676,0.04018667306231762,2020-04-10,0.15098235421420172
332,2020-04-09,18024.0,2051,918.0,12445.0,3829,51323.0,59770.0,1087969.0,82730,39.0,5798.0,466608.0,34961,56,2584291,170558,0.038627713198230634,2020-04-09,0.14742447018830876
333,2020-04-08,15973.0,2003,862.0,10276.0,4387,45359.0,55941.0,1005239.0,68030,39.0,4142.0,431647.0,30996,56,2413733,165594,0.037004774734910706,2020-04-08,0.15402126600289964
334,2020-04-07,13970.0,2038,738.0,9978.0,2931,43849.0,51554.0,937209.0,78959,43.0,4047.0,400651.0,30430,56,2248139,170116,0.0348682519200002,2020-04-07,0.13956395972255548
335,2020-04-06,11932.0,1314,663.0,7079.0,2962,36159.0,48623.0,858250.0,69818,39.0,2961.0,370221.0,28262,56,2078023,137710,0.032229398116260286,2020-04-06,0.13999809193468726
336,2020-04-05,10618.0,1342,609.0,5811.0,3953,32180.0,45661.0,788432.0,33778,39.0,650.0,341959.0,25877,56,1940313,129555,0.031050506054819436,2020-04-05,0.14211150247006574
337,2020-04-04,9276.0,1478,403.0,5500.0,4993,30456.0,41708.0,754654.0,143471,39.0,656.0,316082.0,33102,56,1810758,231172,0.02934681506697629,2020-04-04,0.1609774570384888
338,2020-04-03,7798.0,1287,335.0,4928.0,4621,25723.0,36715.0,611183.0,54867,39.0,623.0,282980.0,31838,56,1579586,142351,0.027556717789243058,2020-04-03,0.15378294920120086
339,2020-04-02,6511.0,1175,305.0,4513.0,4164,22995.0,32094.0,556316.0,51001,32.0,576.0,251142.0,28071,56,1437235,130666,0.02592557198716264,2020-04-02,0.14995609514657268
340,2020-04-01,5336.0,1006,256.0,3937.0,4148,20906.0,27930.0,505315.0,44838,32.0,561.0,223071.0,26257,56,1306569,123021,0.023920635134105285,2020-04-01,0.1502988986763229
341,2020-03-31,4330.0,908,230.0,3487.0,3995,18155.0,23782.0,460477.0,44084,,506.0,196814.0,24947,56,1183548,114567,0.022000467446421493,2020-03-31,0.14192131074326886
342,2020-03-30,3422.0,585,187.0,3087.0,2473,15892.0,19787.0,416393.0,50637,,449.0,171867.0,21187,56,1068981,100592,0.01991074493649159,2020-03-30,0.1448139794321902
343,2020-03-29,2837.0,505,156.0,2456.0,2797,14055.0,17314.0,365756.0,42230,,433.0,150680.0,19681,56,968389,87451,0.018827979824794266,2020-03-29,0.14639441253633215
344,2020-03-28,2332.0,551,140.0,2174.0,2406,12393.0,14517.0,323526.0,67866,,390.0,130999.0,19780,56,880938,111615,0.017801662608111512,2020-03-28,0.14879350295154614
345,2020-03-27,1781.0,410,124.0,1792.0,2589,10887.0,12111.0,255660.0,45279,,293.0,111219.0,19223,56,769323,101375,0.016013450939138096,2020-03-27,0.14744546589449142
346,2020-03-26,1371.0,313,91.0,1299.0,2449,7805.0,9522.0,210381.0,42610,,258.0,91996.0,17604,56,667948,106554,0.014902821861820079,2020-03-26,0.15702941917068428
347,2020-03-25,1058.0,241,74.0,,1954,5140.0,7073.0,167771.0,33269,,167.0,74392.0,12636,56,561394,82501,0.014221959350467793,2020-03-25,0.1465053201019863
348,2020-03-24,817.0,236,,,1186,3938.0,5119.0,134502.0,33117,,,61756.0,10883,56,478893,86611,0.013229483774855885,2020-03-24,0.14591367167484806
349,2020-03-23,581.0,101,,,950,2812.0,3933.0,101385.0,21323,,,50873.0,11182,56,392282,57311,0.011420596387081556,2020-03-23,0.1460327437425776
350,2020-03-22,480.0,145,,,962,2173.0,2983.0,80062.0,12427,,,39691.0,9229,56,334971,52169,0.012093421682497291,2020-03-22,0.15273286683810358
351,2020-03-21,335.0,62,,,1849,1492.0,2021.0,67635.0,16003,,,30462.0,6940,56,282802,52201,0.010997308121594117,2020-03-21,0.14572232974548685
352,2020-03-20,273.0,70,,,44,1042.0,172.0,51632.0,11704,,,23522.0,6095,56,230601,49507,0.011606155939120823,2020-03-20,0.14701856277300365
353,2020-03-19,203.0,51,,,34,617.0,128.0,39928.0,8359,,,17427.0,4611,56,181094,39211,0.01164859126642566,2020-03-19,0.1447881758116146
354,2020-03-18,152.0,28,,,18,416.0,94.0,31569.0,5452,,,12816.0,3352,56,141883,32127,0.011860174781523096,2020-03-18,0.14437949888661294
355,2020-03-17,124.0,22,,,33,325.0,76.0,26117.0,5027,,,9464.0,2087,56,109756,26768,0.013102282333051564,2020-03-17,0.1476818870078126
356,2020-03-16,102.0,22,,,6,,43.0,21090.0,11462,,,7377.0,1713,56,82988,22954,0.013826758845058967,2020-03-16,0.14356973776594056
357,2020-03-15,80.0,15,,,10,,37.0,9628.0,2571,,,5664.0,1288,51,60034,10202,0.014124293785310734,2020-03-15,0.13350928341235138
358,2020-03-14,65.0,8,,,4,,27.0,7057.0,1616,,,4376.0,1026,51,49832,9816,0.014853747714808043,2020-03-14,0.13262850119662073
359,2020-03-13,57.0,5,,,6,,23.0,5441.0,1149,,,3350.0,845,51,40016,9733,0.01701492537313433,2020-03-13,0.15154737481470867
360,2020-03-12,52.0,9,,,5,,17.0,4292.0,991,,,2505.0,682,51,30283,6683,0.020758483033932136,2020-03-12,0.1432812285759245
361,2020-03-11,43.0,6,,,3,,12.0,3301.0,1021,,,1823.0,418,51,23600,4447,0.023587493143170598,2020-03-11,0.14349978421164666
362,2020-03-10,37.0,2,,,0,,9.0,2280.0,494,,,1405.0,385,51,19153,3322,0.026334519572953737,2020-03-10,0.18067002556837453
363,2020-03-09,35.0,4,,,3,,9.0,1786.0,442,,,1020.0,276,51,15831,2055,0.03431372549019608,2020-03-09,0.1375764273639035
364,2020-03-08,31.0,4,,,0,,6.0,1344.0,196,,,744.0,170,51,13776,1130,0.041666666666666664,2020-03-08,0.14023623940567667
365,2020-03-07,27.0,1,,,0,,6.0,1148.0,274,,,574.0,137,51,12646,931,0.047038327526132406,2020-03-07,0.13980680527413625
366,2020-03-06,26.0,6,,,1,,6.0,874.0,161,,,437.0,132,40,11715,2177,0.059496567505720827,2020-03-06,0.15079449391101518
367,2020-03-05,20.0,4,,,1,,5.0,713.0,132,,,305.0,65,32,9538,1515,0.06557377049180328,2020-03-05,0.14138972564173335
368,2020-03-04,16.0,2,,,4,,4.0,581.0,576,,,240.0,126,26,8023,890,0.06666666666666667,2020-03-04,0.17942010740927378
369,2020-03-03,14.0,3,,,0,,,5.0,2,,,114.0,42,16,7133,279,0.12280701754385964,2020-03-03,0.17602682125178706
370,2020-03-02,11.0,3,,,0,,,3.0,1,,,72.0,30,12,6854,203,0.1527777777777778,2020-03-02,0.16214999672835453
371,2020-03-01,8.0,3,,,0,,,2.0,2,,,42.0,24,11,6651,96,0.19047619047619047,2020-03-01,0.19728254465301345
372,2020-02-29,5.0,1,,,0,,,,0,,,18.0,3,8,6555,65,0.2777777777777778,2020-02-29,0.14409256233198042
373,2020-02-28,4.0,2,,,0,,,,0,,,15.0,2,7,6490,3,0.26666666666666666,2020-02-28,0.16348859633492105
374,2020-02-27,2.0,0,,,0,,,,0,,,13.0,1,7,6487,6446,0.15384615384615385,2020-02-27,0.16448723462056694
375,2020-02-26,2.0,2,,,0,,,,0,,,12.0,2,6,41,0,0.16666666666666666,2020-02-26,0.18092195035949155
376,2020-02-25,0.0,0,,,0,,,,0,,,10.0,1,6,41,1,0.0,2020-02-25,0.21002595237134752
377,2020-02-24,0.0,0,,,0,,,,0,,,9.0,1,6,40,2,0.0,2020-02-24,0.16063376132690596
378,2020-02-23,0.0,0,,,0,,,,0,,,8.0,1,6,38,0,0.0,2020-02-23,0.12951516159722468
379,2020-02-22,0.0,0,,,0,,,,0,,,7.0,0,6,38,1,0.0,2020-02-22,0.18282395166034227
380,2020-02-21,0.0,0,,,0,,,,0,,,7.0,0,6,37,1,0.0,2020-02-21,0.16392347487566689
381,2020-02-20,0.0,0,,,0,,,,0,,,7.0,0,6,36,1,0.0,2020-02-20,0.20185362735698306
382,2020-02-19,0.0,0,,,0,,,,0,,,7.0,0,6,35,6,0.0,2020-02-19,0.2019706336939721
383,2020-02-18,0.0,0,,,0,,,,0,,,7.0,0,6,29,0,0.0,2020-02-18,0.164576352321685
384,2020-02-13,0.0,0,,,0,,,,0,,,6.0,1,5,22,1,0.0,2020-02-13,0.2765562996031746
385,2020-02-12,0.0,0,,,0,,,,0,,,5.0,0,5,21,1,0.0,2020-02-12,0.21860034095358025
